id,toxicity
5050,0.0
15873,1.0
10784,0.0
1071,0.8
21344,0.0
37410,1.0
31360,0.0
28404,1.0
33783,1.0
8282,0.0
21550,0.8
1105,1.0
32444,1.0
15756,0.0
8963,0.8
13947,1.0
6756,1.0
24736,1.0
32551,1.0
30150,0.8
13963,0.0
13762,0.0
22588,0.0
37518,1.0
17790,1.0
8426,0.0
15255,1.0
9943,1.0
3479,0.8
26821,0.8
14781,0.0
26792,1.0
29203,0.0
24979,0.2
37523,1.0
26546,0.0
25424,0.9
37694,0.8
29001,1.0
2072,0.9
11589,0.9
15979,1.0
29485,1.0
2432,0.8
37806,0.8
32835,1.0
33729,0.8
32565,0.0
28292,0.0
37377,0.9
5290,1.0
32413,0.0
26355,0.0
24294,0.9
11526,1.0
21745,0.8
33238,0.0
19554,0.0
20206,0.8
28757,1.0
30130,0.8
32312,0.0
14494,0.0
35361,0.0
19816,0.0
8756,1.0
18481,0.4
19422,0.0
32064,0.0
29065,0.8
10337,0.0
38033,0.2
17862,0.9
6499,0.8
27860,1.0
34524,1.0
3779,0.0
1801,0.4
3732,1.0
33445,1.0
4168,1.0
25509,0.8
16280,0.0
31510,1.0
13213,0.0
4074,0.0
29547,1.0
6434,0.0
6145,0.0
24775,1.0
16626,0.8
24279,1.0
10085,1.0
19813,1.0
19829,0.8
17714,0.8
34793,1.0
17424,0.0
30833,0.9
16776,0.0
6330,0.0
7221,0.0
15287,1.0
31066,0.0
22470,0.0
6104,0.0
12277,0.8
3840,0.0
32119,0.0
32476,0.0
12856,0.0
8049,0.0
23135,1.0
7793,0.0
37882,1.0
24916,0.8
21773,0.8
13525,0.8
626,1.0
8265,1.0
10840,0.0
18792,1.0
19674,0.0
13032,0.9
35142,0.0
33536,0.0
8171,0.0
1743,0.8
30896,0.8
5571,0.9
12785,1.0
35501,0.0
30328,1.0
23257,0.0
21047,1.0
30879,0.9
25525,0.9
10685,0.0
9824,0.8
19837,0.0
20855,0.8
13187,1.0
17400,1.0
31421,1.0
12159,0.0
37607,1.0
24642,1.0
29188,1.0
22554,1.0
16748,0.0
27550,0.8
35389,1.0
25926,0.0
18666,1.0
28889,0.0
20596,1.0
23609,0.2
31013,1.0
36924,0.0
18853,1.0
2895,1.0
26903,1.0
14594,0.8
20613,0.9
32157,1.0
13896,0.0
18560,0.9
7326,1.0
35731,0.2
34354,0.8
13626,0.0
29343,1.0
33497,1.0
1662,0.0
20514,0.8
29916,0.9
25962,1.0
30822,0.9
24347,0.8
28311,0.0
2658,0.8
36297,1.0
28124,0.4
19537,1.0
26668,0.0
35079,0.0
8807,1.0
32320,1.0
3670,1.0
5907,0.0
133,0.8
16723,0.0
29796,0.8
8181,1.0
26293,0.8
26011,1.0
21056,1.0
37868,0.0
23740,1.0
25307,1.0
11837,1.0
20551,1.0
22054,0.8
21028,1.0
34629,1.0
28939,0.0
32998,0.0
18028,0.8
33658,0.0
22636,0.8
20489,0.8
24940,0.0
6449,0.9
25139,0.0
872,1.0
14766,0.0
32269,1.0
20715,0.8
21010,0.0
20248,0.8
28013,0.4
15038,0.4
16106,0.0
14557,0.8
30259,0.0
7390,0.8
9961,0.0
30258,1.0
24891,0.8
10569,0.0
2083,0.0
35992,0.0
18271,0.0
28500,1.0
7444,0.2
19255,0.0
11397,0.8
11649,0.0
30918,0.8
10242,0.8
18767,0.0
28685,0.8
21086,1.0
15549,0.9
12052,0.0
21375,0.0
18012,0.0
32778,0.0
28708,0.0
37218,0.0
17580,0.0
14025,0.8
6139,1.0
35792,0.0
2886,0.0
26116,1.0
22709,1.0
34713,0.8
6287,0.8
8119,0.0
29471,0.0
12628,0.8
11803,1.0
38043,0.0
8244,1.0
27563,0.0
25673,0.8
9676,0.0
11777,0.0
10441,0.8
32085,0.0
3178,0.8
12367,0.2
32658,0.0
12765,1.0
37629,1.0
35208,1.0
17045,0.9
24481,0.0
14793,0.0
18240,1.0
8211,0.9
4364,0.8
37381,0.8
16449,1.0
3390,0.8
2151,0.0
12784,0.0
17834,0.8
31077,1.0
21821,0.8
14758,1.0
2894,1.0
27291,0.0
7681,1.0
31957,0.0
35819,0.0
29842,1.0
29720,0.8
32590,0.9
15325,0.0
13859,0.4
9552,0.0
34272,1.0
14846,1.0
20377,1.0
18007,0.0
9845,0.0
21122,1.0
34176,1.0
12562,0.2
17340,0.4
18257,0.0
2232,0.9
18025,1.0
9449,0.0
34662,0.8
26414,1.0
9285,0.0
16407,0.0
1978,1.0
15338,1.0
31042,1.0
16813,1.0
17067,1.0
34791,0.0
28593,1.0
12282,1.0
14609,0.0
35167,1.0
18858,1.0
3927,0.0
28123,0.0
17179,0.0
32965,0.0
1176,0.0
14505,1.0
32146,0.0
32593,1.0
2483,1.0
13446,1.0
28490,1.0
13282,0.8
11425,0.0
11564,0.0
605,0.0
7649,0.0
29300,1.0
5845,0.0
1470,0.0
25827,1.0
21227,0.0
8148,0.0
7060,0.8
5129,1.0
22545,0.8
25534,0.8
22397,0.0
9877,1.0
6925,0.0
6463,0.0
21155,0.0
19907,1.0
24997,0.0
12458,1.0
35994,1.0
27510,0.8
18136,0.0
2326,0.8
6154,1.0
23679,0.8
20822,0.0
2896,1.0
24987,1.0
5397,0.0
2636,0.0
26278,1.0
21459,0.8
27202,0.0
33214,1.0
15635,1.0
2287,1.0
7251,1.0
5896,1.0
9853,0.0
23962,0.0
5463,1.0
25193,1.0
22842,1.0
34284,1.0
33171,1.0
27742,0.8
8536,0.0
22131,1.0
25151,0.0
31064,0.0
15694,0.8
25240,0.0
13544,1.0
17451,1.0
34827,1.0
9329,1.0
13435,0.0
9446,0.0
17952,0.8
29529,0.8
4826,1.0
17893,0.0
456,0.8
37848,0.0
22422,1.0
29800,0.8
30356,1.0
19867,0.0
33163,1.0
12767,1.0
7693,0.0
4137,0.0
28990,1.0
4642,0.0
4015,0.0
29677,0.0
25384,0.9
2085,1.0
34127,0.0
15732,0.4
13794,0.0
14290,1.0
29732,0.0
17137,1.0
16635,0.4
29953,0.8
20633,0.0
3517,0.8
12588,0.0
20401,1.0
25530,0.0
15818,1.0
4403,1.0
32787,0.8
27319,0.0
8009,0.0
30253,1.0
26081,0.0
11623,0.8
22009,0.0
4605,0.8
12300,0.0
28445,1.0
27609,0.0
29256,0.0
31931,0.0
10672,0.0
5659,0.0
30137,0.8
6390,0.0
16270,1.0
15155,1.0
24101,0.0
3231,0.0
1680,0.8
30392,1.0
2534,1.0
27548,1.0
36787,0.0
21525,1.0
23428,1.0
21653,1.0
37699,1.0
22153,0.0
7808,0.2
18729,0.0
1351,0.0
29528,0.9
22331,0.0
32355,0.0
29657,0.9
17332,0.0
31766,0.0
27922,1.0
10496,0.0
1286,1.0
20448,0.0
34338,0.0
30122,0.0
13871,0.0
34914,0.0
21432,0.0
80,0.2
25339,0.9
24426,0.0
15024,1.0
12461,0.0
26950,0.0
30007,1.0
10449,1.0
26887,1.0
25912,0.0
25773,0.0
21135,0.8
14719,1.0
24246,0.9
10246,1.0
3131,0.0
2954,0.0
31190,0.0
3240,0.9
30398,0.8
9476,1.0
28427,1.0
20029,0.0
19458,0.9
36505,1.0
31868,0.8
12884,0.0
33588,0.0
36614,0.8
7236,0.8
5893,1.0
18466,0.4
30553,0.0
30343,0.0
3464,0.0
26472,0.4
3248,0.0
12465,1.0
2525,1.0
22986,0.0
25704,0.0
37912,1.0
32629,0.0
4740,1.0
32937,1.0
10083,1.0
34702,0.0
7059,0.0
8348,1.0
32947,1.0
11673,0.0
18370,0.0
27288,0.0
19633,0.8
26802,0.0
18461,0.8
17488,0.0
3232,0.8
36576,0.0
17583,0.0
7805,0.0
20271,0.0
28064,0.0
25319,1.0
20073,0.0
19306,0.2
24225,0.0
21522,0.8
17421,0.8
36607,0.9
11087,0.0
22216,1.0
13476,0.0
18441,0.0
899,1.0
13241,1.0
8760,0.8
28347,0.0
1910,0.0
3455,0.0
12284,0.0
27166,0.0
15126,0.8
12966,1.0
2728,1.0
13878,1.0
15776,0.8
11833,1.0
10804,1.0
6628,0.0
5296,1.0
7689,0.8
14253,0.0
18097,0.8
30528,0.0
588,0.8
24378,0.0
3074,0.0
8368,1.0
32808,0.0
631,0.8
23264,0.0
28758,0.8
30215,1.0
31560,1.0
36235,0.2
21288,0.8
24019,0.0
8777,0.0
4957,0.8
4213,0.0
4473,0.0
34890,0.0
29164,1.0
25226,1.0
37175,1.0
29051,0.0
10713,0.0
32172,1.0
34984,0.0
12857,0.0
9789,1.0
23865,0.0
35580,1.0
955,0.0
28384,0.9
20646,1.0
23166,0.2
705,0.8
3773,1.0
27973,1.0
31465,0.0
28168,0.0
38207,1.0
33192,1.0
5323,0.8
13973,1.0
22123,0.6
6943,0.0
5835,1.0
32392,0.0
31687,0.0
16082,0.0
28727,0.8
26655,0.8
23151,0.0
21307,1.0
15928,0.0
27015,0.0
24459,0.8
19343,0.8
27282,0.0
22763,0.2
4812,1.0
24445,0.0
16481,0.0
9369,0.0
26597,0.0
38087,0.8
34667,1.0
24728,1.0
22464,0.0
29406,0.2
15237,1.0
30952,1.0
9858,1.0
29307,0.0
15078,0.0
29725,0.0
25641,0.0
18497,0.0
10180,0.0
2717,1.0
13619,0.8
37394,1.0
8320,0.0
36495,0.0
23345,0.2
26896,0.0
4951,0.0
37077,1.0
1035,0.0
15384,0.0
8160,1.0
8942,0.0
12943,0.8
14364,0.0
31954,0.8
29397,1.0
13509,1.0
11450,0.0
24942,0.0
22128,0.0
3156,1.0
16089,0.0
38160,0.0
6108,0.0
35136,0.0
21237,0.0
2116,0.9
6195,0.0
11208,1.0
15193,0.0
5522,0.0
32240,0.8
10539,1.0
12999,1.0
9808,1.0
7548,0.0
19220,0.0
35401,0.0
4614,0.0
11089,0.8
18939,0.0
35770,0.0
31793,1.0
11746,1.0
31915,0.4
34055,1.0
34447,0.8
35234,1.0
37074,0.8
732,0.8
14375,0.0
8978,1.0
11256,1.0
19083,0.8
22618,1.0
2468,0.0
31548,0.0
3627,0.9
1174,1.0
6632,1.0
16497,0.0
15536,1.0
15686,1.0
36584,1.0
10550,0.2
29087,0.8
17517,1.0
16410,0.0
2523,1.0
9541,0.8
24811,0.8
22238,0.0
12695,1.0
13808,0.8
2736,0.4
17668,1.0
8196,0.0
17850,1.0
33049,0.8
36588,1.0
33849,1.0
11215,1.0
11257,0.0
2620,1.0
3333,0.9
10344,0.2
15589,1.0
22330,1.0
27065,0.0
9699,0.0
33252,0.0
3974,1.0
13473,1.0
38138,0.0
30691,1.0
10686,0.0
28711,0.0
36140,0.0
11925,0.0
20904,0.0
36345,1.0
3554,0.8
28188,0.8
14002,0.0
13437,0.0
3829,1.0
24344,0.0
4986,0.8
21199,1.0
28946,0.0
9459,0.8
38260,0.2
25265,0.2
34970,0.0
3273,1.0
38214,0.0
25266,0.8
28000,0.2
22704,0.8
31684,0.8
9364,0.0
30855,1.0
7806,1.0
29014,1.0
15417,1.0
27470,1.0
18510,0.0
20132,1.0
29736,1.0
11158,0.8
22350,0.8
16212,0.0
7036,0.0
33879,0.0
4622,1.0
34443,1.0
8452,1.0
1794,0.2
30196,0.0
12878,0.0
30737,0.0
28057,0.0
29533,1.0
7708,0.0
20766,0.0
37961,0.8
35059,0.0
33833,0.0
26535,1.0
2058,1.0
20752,1.0
12133,1.0
8290,0.0
14432,1.0
37737,0.8
10893,1.0
6783,0.0
11856,0.0
37950,1.0
26717,1.0
9793,0.0
13022,0.8
30248,0.0
5420,1.0
2288,1.0
7017,1.0
29137,0.9
13411,0.0
32988,0.8
21144,1.0
27104,1.0
10283,1.0
147,0.2
37738,0.4
26726,0.0
3948,0.0
33902,1.0
1885,1.0
8386,0.0
10901,0.0
17764,1.0
193,0.0
18550,1.0
16030,0.8
22910,0.8
28221,0.0
25960,1.0
32823,0.0
82,1.0
3622,1.0
32211,0.8
2380,1.0
11544,1.0
35894,0.0
23931,1.0
14566,0.0
37445,0.2
29927,0.0
21824,0.8
36824,1.0
2348,1.0
36228,0.8
28805,0.0
7597,1.0
24398,1.0
6420,1.0
27894,1.0
8507,0.0
1225,0.0
9443,0.0
10757,1.0
27713,1.0
33354,1.0
32843,0.8
37657,1.0
12711,0.8
6295,1.0
2639,0.0
2354,0.0
4902,1.0
34710,0.0
33878,0.0
5165,0.0
28284,0.8
22776,0.0
18521,0.0
28862,1.0
19367,1.0
4558,0.0
35231,0.0
12917,0.0
32394,1.0
386,1.0
14646,0.8
5438,0.0
15371,0.8
12913,0.0
28028,0.4
24465,1.0
6772,0.0
29672,0.0
9722,1.0
16666,1.0
12916,0.0
38049,0.0
36003,0.0
6465,1.0
10354,0.0
34143,0.0
16917,0.0
16247,1.0
1922,0.0
30516,1.0
36439,0.0
21008,1.0
4629,1.0
1545,0.0
11101,0.8
35060,0.8
12842,0.0
17139,0.2
26361,1.0
36981,0.0
29375,0.8
27207,1.0
38076,1.0
15375,1.0
34704,0.0
6262,0.0
37224,1.0
22753,0.0
2203,0.0
16231,0.0
9547,1.0
15552,0.0
31741,0.0
15611,0.0
1796,0.0
31786,0.0
24136,0.0
25802,0.0
4553,1.0
20298,1.0
24163,0.0
28860,0.9
12469,0.8
11461,0.0
23477,0.8
15324,0.2
26442,0.0
12946,1.0
11468,0.0
29865,0.0
26917,0.0
9675,1.0
12203,0.8
11571,0.0
26994,1.0
15561,0.8
6468,0.8
29868,1.0
19545,0.0
30950,1.0
2200,1.0
30793,0.0
12498,0.0
18899,1.0
19250,0.8
36206,1.0
20703,0.0
2763,1.0
5144,1.0
35707,0.0
14353,0.0
10060,0.8
380,0.0
8238,0.0
3935,0.8
27547,0.0
3832,0.0
6275,0.0
35308,0.8
36672,0.0
3817,0.8
28484,0.8
20768,1.0
31768,0.0
17214,1.0
2696,0.8
31063,0.8
21598,1.0
21416,0.0
24669,0.0
7788,1.0
16520,0.0
13162,0.4
23067,0.0
33523,1.0
30162,0.0
27304,0.0
9758,0.8
3341,0.9
24825,1.0
17192,0.0
1443,1.0
20364,0.0
24918,0.8
26925,0.0
10425,0.0
5509,0.0
5626,0.0
4061,0.2
38056,0.2
2971,1.0
38067,0.9
30267,0.0
19036,0.0
18321,0.0
13860,1.0
17057,0.0
22721,0.0
34718,1.0
37177,1.0
1954,0.0
28712,0.0
865,0.0
37171,0.4
15056,0.8
27610,0.4
21454,1.0
20405,1.0
6037,0.0
22805,0.0
19024,1.0
17202,1.0
21282,1.0
12955,1.0
13779,0.0
35448,0.8
25499,1.0
25710,1.0
37599,0.0
8818,0.4
27371,0.0
24685,0.0
20140,0.0
21991,1.0
137,1.0
6020,0.0
18154,0.8
1010,0.0
10074,0.0
4502,1.0
26970,1.0
10391,0.0
12985,0.8
23907,0.8
29325,1.0
17315,0.0
30957,1.0
31053,0.8
31094,1.0
10638,1.0
8218,0.2
4251,0.4
11196,0.0
1272,1.0
21494,1.0
36952,0.8
11097,1.0
9008,0.8
14944,0.0
32630,0.0
16986,1.0
13753,0.9
34408,0.9
13916,1.0
37640,0.0
12336,1.0
37572,0.8
17040,0.0
57,0.9
26481,0.8
1102,0.0
19555,1.0
5500,0.9
32206,1.0
4022,0.8
6115,1.0
19360,0.2
1803,1.0
25108,0.0
10466,0.0
18956,1.0
33682,0.0
25385,0.8
8773,1.0
5091,1.0
724,1.0
15495,1.0
21979,0.0
10066,0.2
8596,0.0
17119,0.0
15055,1.0
27866,0.2
10422,0.8
14735,1.0
26155,1.0
32566,0.4
3055,0.0
10119,1.0
25878,0.0
7504,0.0
3815,1.0
25143,0.4
5076,0.0
29284,1.0
2555,0.0
19733,0.0
17516,0.0
15887,0.0
20876,0.0
25969,0.2
28525,0.2
31744,1.0
31,0.9
34514,0.0
21849,0.4
14809,0.9
6837,0.0
17617,0.0
1933,0.4
3703,0.8
34308,0.0
5061,0.0
18261,0.0
24274,0.9
36494,0.0
31782,1.0
37210,0.8
27945,0.0
8345,0.9
1254,0.0
8851,1.0
18927,0.0
37085,0.0
36002,1.0
28318,1.0
30632,1.0
8165,0.0
12424,0.0
20462,0.0
36021,0.0
37662,1.0
32357,1.0
12417,0.0
27303,1.0
16013,0.0
34448,1.0
180,0.0
29090,1.0
10836,0.9
16701,0.0
29077,1.0
35865,1.0
891,0.0
1213,1.0
7915,1.0
2979,0.0
20649,0.0
31038,0.0
28586,0.2
9917,0.8
1469,0.0
30794,0.8
35725,0.0
32238,0.0
26284,0.0
32821,0.0
1738,1.0
25301,1.0
20399,0.0
20296,1.0
27641,1.0
21886,0.8
28132,0.8
18305,1.0
28604,0.0
14167,0.0
35418,0.2
31904,1.0
11026,1.0
3802,0.0
12516,1.0
32756,0.0
8757,0.8
32557,1.0
16240,0.0
16408,1.0
13884,0.8
13006,0.0
31669,0.0
7327,1.0
22403,0.9
32962,1.0
11130,1.0
5717,0.0
26438,0.8
12218,0.0
26524,0.0
25419,0.0
26418,0.0
4207,1.0
11493,1.0
28286,1.0
10964,0.0
31583,0.8
1966,0.0
8099,1.0
2853,0.0
18120,0.0
12035,0.8
6617,0.0
2757,0.0
29017,0.8
30452,1.0
35795,0.8
17559,1.0
33266,0.0
38179,0.0
13688,1.0
8118,1.0
23309,1.0
24460,1.0
9410,0.0
13110,1.0
2603,0.0
34557,1.0
34776,0.8
4655,0.0
17220,1.0
28336,0.0
24828,0.8
26106,1.0
3768,1.0
34214,0.0
25031,0.8
10474,0.8
6276,0.8
15926,0.8
11276,0.2
6525,1.0
14825,0.0
17324,0.2
18202,0.0
32257,0.8
29506,0.9
2645,0.2
31454,0.0
16597,0.0
9977,1.0
19717,1.0
5055,0.0
34886,1.0
10073,0.0
13406,0.0
17508,1.0
13193,0.8
23482,1.0
22963,1.0
36182,1.0
16355,1.0
33541,0.0
8736,0.8
33457,0.0
25638,1.0
2788,0.9
19224,0.8
24338,1.0
19193,0.0
6424,0.0
27687,0.0
4420,0.0
16929,0.0
14169,0.0
1766,1.0
15037,0.8
13568,0.0
9870,0.0
18392,0.2
6691,0.0
18225,1.0
26231,1.0
37971,1.0
24138,0.2
12700,1.0
12321,1.0
23674,1.0
19448,0.0
32420,0.8
23406,0.0
7369,0.0
9284,0.0
14199,0.0
35196,0.8
19661,0.0
20750,1.0
24057,0.0
36555,0.0
18920,0.9
19379,1.0
2624,0.0
35259,0.8
23449,0.0
35026,0.0
12365,0.8
8580,1.0
11035,0.0
33242,0.2
32684,1.0
119,0.8
31441,1.0
35207,0.0
1669,1.0
16513,0.2
23049,1.0
29713,1.0
9969,0.0
6410,0.0
26188,0.0
20238,1.0
31783,0.9
2862,1.0
20016,0.0
29679,0.0
3916,0.0
20548,1.0
27101,0.0
9382,0.0
4086,1.0
6374,0.0
35161,0.8
5167,0.0
1315,0.0
14907,0.0
8923,0.0
24024,0.9
5268,0.0
15029,0.9
14319,0.0
9419,0.0
22876,1.0
27552,0.0
15062,1.0
8692,0.2
15585,0.2
6714,0.8
2484,0.0
6040,0.0
38177,1.0
20942,1.0
10224,0.0
32338,0.4
25764,1.0
29549,1.0
7366,1.0
3866,1.0
36948,0.0
12104,1.0
16836,0.8
6338,1.0
37799,0.0
12902,0.0
16553,0.0
24598,0.0
3601,0.0
23720,1.0
11073,0.8
7511,1.0
36353,0.0
11424,0.0
5348,0.8
3552,1.0
5108,1.0
35324,0.0
7437,0.0
9204,1.0
3379,1.0
32108,0.4
16541,0.0
30240,0.0
22246,1.0
30716,0.0
7279,0.9
9833,0.0
9422,0.0
5726,0.0
33671,0.0
8665,0.0
26020,0.8
3290,0.0
16638,0.0
9490,0.0
5874,0.0
22996,1.0
3574,0.0
20711,0.0
2371,0.9
20729,1.0
25383,0.0
25846,0.8
2498,1.0
1719,0.8
26533,1.0
17888,0.0
4568,1.0
34848,0.0
34280,0.0
6844,0.0
35899,0.0
31702,0.0
35484,0.8
6324,1.0
2153,0.0
18957,0.0
9501,0.8
14407,0.0
9867,0.0
36961,0.0
2985,1.0
641,1.0
16283,0.8
5705,1.0
21141,1.0
25243,1.0
24520,1.0
37008,1.0
11807,0.8
36110,1.0
15118,0.0
21264,0.0
16067,0.0
23311,0.8
33174,1.0
38029,0.0
30597,0.0
4604,0.8
16618,1.0
12704,0.0
36993,0.0
7317,0.0
4758,1.0
29069,0.0
16927,1.0
27545,0.0
36799,0.0
35087,1.0
23823,0.2
33531,0.0
29421,1.0
33683,1.0
30548,1.0
34507,1.0
15152,1.0
22412,0.8
34689,0.8
26151,0.8
15039,0.0
12568,0.0
28585,0.0
16893,0.8
12030,1.0
34712,0.0
36591,0.0
30664,1.0
22686,0.8
11268,1.0
6754,0.0
7678,1.0
30319,0.4
36719,1.0
33882,0.2
35460,0.0
9051,1.0
18821,0.2
32301,1.0
25317,1.0
7516,0.0
6654,0.0
26754,0.0
9846,0.0
7871,0.0
7556,0.0
38373,1.0
10723,1.0
15148,0.0
29291,0.8
34013,1.0
32794,0.0
36196,0.8
26386,0.0
32860,0.8
22073,1.0
35017,0.0
9217,1.0
29951,1.0
35966,0.8
24290,1.0
399,0.0
9301,0.0
6631,1.0
2489,1.0
33645,0.0
8916,0.0
1841,0.8
2494,0.0
7446,0.0
460,0.0
27796,0.4
12552,0.9
22217,0.0
14954,1.0
27392,0.0
4887,0.0
14848,1.0
20265,0.0
34989,0.0
30496,0.0
31860,1.0
37071,0.0
27733,1.0
16762,0.0
24900,0.0
2399,0.2
36200,1.0
13592,1.0
9737,0.8
15829,0.0
19466,0.0
20776,1.0
11542,1.0
2040,0.0
8686,0.0
111,0.0
14267,0.8
33438,1.0
10938,0.0
36685,0.0
15629,0.0
3193,1.0
38071,0.0
3170,0.9
32299,1.0
26219,1.0
28702,0.0
31651,1.0
20570,0.8
18889,0.0
21515,1.0
11636,0.0
22449,0.0
10758,0.2
12810,0.8
6110,0.0
27457,1.0
640,1.0
12446,0.0
6355,1.0
33527,0.8
36453,0.0
22160,1.0
19811,0.0
6214,0.0
33073,0.0
6884,0.0
25938,0.0
35941,0.9
38281,1.0
7164,0.0
31580,0.0
20433,0.8
12327,0.0
431,0.0
37955,0.8
18096,0.8
19594,0.0
35719,1.0
1058,1.0
33094,1.0
18410,0.9
10861,0.0
6291,1.0
25264,1.0
7318,1.0
31801,1.0
184,1.0
32114,1.0
11729,1.0
2877,0.9
3680,1.0
19060,0.0
28236,1.0
20209,1.0
33215,0.0
31284,1.0
24880,1.0
33990,0.0
35019,1.0
34887,0.0
15688,0.2
4399,0.8
14039,0.9
3878,0.0
13657,0.0
14604,0.0
18865,0.4
27029,1.0
37803,0.8
10615,0.8
8114,1.0
23960,1.0
32141,0.0
12296,0.0
17444,1.0
21081,1.0
17919,1.0
27261,0.0
3855,0.0
9375,0.5
25008,1.0
6497,1.0
15072,1.0
35602,0.0
20460,1.0
17051,0.4
16643,0.0
32168,1.0
38280,0.0
29350,0.8
29194,1.0
23252,1.0
12827,0.8
3745,0.0
11160,0.0
6950,1.0
13849,0.8
1001,0.0
14032,0.0
1656,1.0
24335,1.0
8255,0.8
14806,0.0
26123,0.8
22549,0.0
1481,0.0
27859,1.0
1494,1.0
17910,1.0
32265,1.0
4357,0.0
23447,1.0
5023,1.0
25789,1.0
15799,1.0
17238,0.0
13541,1.0
36537,0.0
3013,1.0
5386,1.0
36463,0.0
1960,0.0
31601,0.2
25422,1.0
30914,1.0
37429,0.8
1693,0.9
17614,0.8
22414,1.0
11273,1.0
34605,1.0
28828,0.0
27049,1.0
24267,0.0
3467,1.0
482,0.0
35381,0.0
37858,0.0
32121,0.8
6142,1.0
2727,0.4
5388,0.0
32973,1.0
34160,0.0
17759,0.2
24286,0.0
31303,0.8
26868,0.2
26396,0.0
36018,1.0
16025,0.9
34775,0.2
26199,0.0
1041,0.0
4779,0.0
23768,0.0
13171,0.8
28138,0.0
23213,0.8
19553,1.0
1597,0.0
1376,0.0
32200,1.0
32135,1.0
13285,0.0
35576,0.0
37505,1.0
17068,1.0
24895,1.0
16077,0.0
6695,1.0
29638,1.0
12348,0.0
29094,0.8
4611,1.0
19145,1.0
18382,1.0
36250,0.2
28324,0.8
4761,0.9
32314,1.0
15485,1.0
22251,0.0
31308,0.0
34391,1.0
29444,1.0
37940,1.0
363,0.0
37283,1.0
13545,0.0
16757,0.0
26494,0.0
3245,1.0
5789,1.0
2349,0.0
35430,0.0
30466,0.0
16041,0.8
12408,1.0
36136,0.8
18543,0.0
29987,0.0
23730,0.0
9213,0.0
6448,1.0
13520,0.0
10652,0.0
32275,0.0
23112,0.0
17245,0.9
19782,1.0
29476,0.8
35150,0.0
38127,0.0
30916,0.0
14835,0.4
17921,1.0
29382,0.8
26711,1.0
4964,1.0
22536,0.0
9688,0.8
22041,1.0
2805,0.0
8050,0.8
29742,0.0
12935,0.4
24927,0.8
19985,0.0
1689,0.0
24654,0.8
33173,0.2
7211,0.0
4924,1.0
16698,0.0
753,1.0
32833,0.0
35839,0.0
2298,0.0
9584,0.0
2084,0.0
8488,0.2
11967,0.0
12514,0.0
1614,0.0
37815,1.0
11100,0.8
9163,0.0
5120,0.0
11176,0.0
1044,1.0
28559,1.0
1512,1.0
10460,1.0
38218,0.2
2442,1.0
5085,1.0
21265,1.0
29130,1.0
3718,1.0
35291,1.0
24056,1.0
38105,1.0
14396,1.0
38314,0.8
7112,0.0
34485,1.0
23027,1.0
2839,0.0
25406,0.0
3742,0.0
9083,0.0
6188,1.0
1699,1.0
1951,0.0
3709,0.0
28230,0.0
37628,0.8
36445,1.0
17129,0.8
27189,0.8
34686,0.2
27655,1.0
30697,1.0
3249,1.0
16176,0.0
10863,0.8
36955,0.0
10611,0.0
5736,1.0
12295,0.8
5808,1.0
19222,0.0
3751,1.0
30524,0.0
5099,0.0
32826,0.4
28169,1.0
27673,0.0
33860,0.8
11448,1.0
11491,1.0
22597,1.0
30190,1.0
34762,1.0
19084,0.0
34864,0.8
28763,1.0
27529,0.8
9359,0.8
11866,0.0
9099,1.0
32186,1.0
9631,1.0
2303,1.0
33610,0.0
15018,0.0
3364,1.0
500,1.0
33053,1.0
8367,0.0
32666,1.0
18087,0.0
22611,1.0
10141,0.0
23082,0.0
31440,0.8
19649,1.0
21539,1.0
10710,1.0
306,0.0
27579,0.0
15474,1.0
346,0.0
3749,0.8
35262,0.8
3022,0.0
13651,0.8
8854,1.0
33071,1.0
12925,0.0
2449,0.0
23877,1.0
11815,0.0
18962,1.0
31551,1.0
18713,0.0
20211,1.0
33399,0.0
6855,0.0
1902,0.0
26044,1.0
5860,1.0
31085,1.0
33917,1.0
11451,0.0
27233,1.0
10718,0.0
4350,0.0
27084,1.0
22154,1.0
19099,0.0
24438,0.0
37564,0.0
2774,0.8
2549,0.0
7331,1.0
7135,1.0
17020,1.0
19508,1.0
10792,0.0
28922,0.0
33070,0.0
11115,0.8
4484,1.0
30639,1.0
8848,1.0
18686,1.0
1730,0.8
10446,1.0
17407,0.0
9009,0.2
13134,0.0
33922,1.0
21508,1.0
3272,1.0
38094,1.0
8755,0.0
24951,0.0
23862,1.0
26180,0.8
6314,0.0
27405,1.0
19514,0.0
24689,1.0
17188,0.2
27239,0.0
6221,0.8
37728,0.8
18182,0.0
32432,0.0
27780,1.0
18906,0.8
8949,1.0
32577,1.0
13422,0.0
7423,0.0
22047,0.0
33775,0.0
36474,1.0
23438,0.0
19397,1.0
5788,0.0
13046,0.0
820,1.0
3811,0.0
15402,0.9
23365,0.8
10106,1.0
3382,0.0
36749,0.0
6592,0.0
1151,1.0
5553,1.0
36736,0.4
37916,1.0
33107,0.0
20165,1.0
36899,0.0
5525,1.0
8817,1.0
10476,1.0
1837,0.0
13427,0.0
11674,1.0
18593,0.0
488,0.8
23941,0.0
15304,0.0
19138,1.0
18027,0.8
17141,0.2
34129,0.0
37155,0.8
17845,0.0
17049,1.0
37006,0.8
21996,0.0
1339,0.0
9355,0.8
8946,0.0
16402,1.0
10342,1.0
10383,0.0
17008,1.0
29686,1.0
31541,0.0
14822,0.8
7823,1.0
25454,0.4
16717,0.0
8729,0.2
33046,1.0
25238,0.0
23198,0.0
1139,1.0
5524,0.8
27350,1.0
32942,0.0
22322,0.0
27805,0.0
36091,1.0
24769,0.0
3005,0.0
33480,1.0
31379,1.0
14003,0.8
36016,0.0
24671,0.0
32190,0.0
6854,0.0
17189,0.0
7719,0.8
26446,1.0
25731,1.0
32796,0.0
4675,0.8
5687,0.8
4108,0.0
27603,0.0
13673,1.0
2749,0.0
32473,0.8
10513,0.0
23985,0.8
37836,0.0
33813,0.0
29066,0.0
13615,1.0
37143,0.0
7584,1.0
4006,0.0
1437,1.0
448,0.0
17830,0.8
5987,0.8
33282,0.8
16532,0.8
14240,0.0
19727,1.0
12283,0.0
517,0.8
22621,1.0
14725,0.8
13733,1.0
28927,1.0
6762,0.0
34797,1.0
11266,0.0
8001,0.0
8155,0.9
30748,1.0
26300,1.0
32033,0.0
2898,0.2
30172,0.8
22782,0.8
17205,0.9
5587,0.0
16179,0.5
16677,0.0
36861,1.0
2424,1.0
5139,0.8
11174,0.8
36244,0.0
24797,0.0
26273,0.0
8967,1.0
20749,0.0
22672,1.0
15215,0.8
33706,0.2
243,1.0
13739,0.0
21721,1.0
24065,0.8
10249,1.0
13348,1.0
4810,0.0
5817,0.8
11670,0.8
14515,1.0
4627,0.8
23746,1.0
35126,0.0
26674,1.0
7219,1.0
2887,1.0
10069,0.0
22889,0.0
27440,0.0
34484,0.8
5460,0.0
36454,0.0
14694,1.0
17479,1.0
18235,0.0
17897,0.0
15323,1.0
685,0.0
38265,1.0
22888,0.0
15578,0.0
17788,1.0
5698,1.0
29254,1.0
1911,0.2
29063,0.2
22003,0.0
9006,0.8
30411,1.0
22369,0.9
4851,0.8
10626,1.0
33388,1.0
1608,1.0
30973,1.0
6728,1.0
7665,0.2
12141,1.0
8487,0.8
33003,0.0
31157,1.0
17786,1.0
19276,0.0
37467,0.0
30617,0.0
24012,0.0
1955,0.8
29195,1.0
2033,0.8
9237,1.0
34079,0.0
1103,0.0
7306,0.0
5364,0.0
18473,0.0
8000,1.0
28875,1.0
23895,0.0
890,1.0
29515,0.0
17271,1.0
35289,0.0
28334,1.0
5822,0.0
14304,0.0
26030,0.0
33607,1.0
12509,0.0
17389,1.0
34806,0.9
35450,1.0
23926,0.0
15972,0.9
13611,0.8
34651,1.0
2260,0.0
23090,0.0
17975,0.0
28143,0.0
18720,0.0
2491,1.0
31126,1.0
31838,0.0
34753,1.0
37080,1.0
31047,1.0
32171,0.0
31354,0.8
17682,0.0
26210,0.0
29610,1.0
25403,0.0
19393,1.0
20933,1.0
23081,0.0
1610,0.0
32152,0.0
3347,0.0
23902,1.0
12361,0.0
8401,1.0
17126,0.0
12806,1.0
16177,0.0
2000,1.0
23057,0.8
20026,1.0
25688,1.0
37656,0.0
15802,1.0
24453,1.0
3851,1.0
26877,0.2
27475,0.8
36893,0.0
37106,0.8
6789,0.0
6220,0.8
17224,1.0
28833,0.0
35435,0.0
3494,0.2
31428,1.0
35481,1.0
21138,0.0
15806,0.8
23134,0.0
6112,1.0
10544,0.0
5103,0.2
6053,0.0
25344,0.0
16211,0.8
14325,1.0
10228,1.0
34742,1.0
18020,1.0
21958,1.0
8054,0.8
29952,0.0
10139,0.0
9706,0.0
17011,0.8
32563,1.0
6644,0.8
14131,1.0
28539,1.0
27305,1.0
21261,1.0
32601,1.0
23990,0.4
5671,0.8
13105,0.0
6828,0.0
38044,0.0
29238,1.0
15080,1.0
23911,0.0
24282,1.0
28155,0.0
15293,1.0
23514,0.0
4427,0.4
6198,0.0
28503,0.0
23597,0.0
32255,0.8
37839,0.0
33747,1.0
6813,1.0
27754,1.0
20155,0.8
23878,0.0
3600,0.8
25431,0.8
27695,1.0
21209,1.0
6439,1.0
30066,0.8
11439,0.0
326,1.0
18172,0.0
22653,0.9
27165,1.0
2786,1.0
15050,0.4
19284,0.8
33362,0.0
31794,0.0
16830,1.0
14966,0.0
34575,0.0
26220,0.8
20417,0.0
17127,0.0
212,0.0
36803,0.0
2426,1.0
28837,1.0
8663,1.0
9246,1.0
16232,1.0
27429,1.0
29453,0.4
33350,0.0
14637,0.8
6462,0.0
36247,0.8
19035,0.2
4254,0.0
27614,1.0
20002,0.0
8771,1.0
3791,0.0
20800,0.0
7250,0.4
6494,1.0
15980,0.0
2310,1.0
37460,1.0
7281,1.0
24263,1.0
24727,0.0
3365,0.8
24387,0.0
23434,0.0
6388,1.0
9714,0.0
36968,1.0
13053,0.8
30346,0.0
5568,0.8
30220,1.0
38293,1.0
19270,0.8
11447,0.0
15378,0.8
37489,1.0
11619,0.8
19020,0.0
29020,1.0
19631,0.0
29624,0.0
17450,0.8
17970,0.0
33692,1.0
9390,0.0
17073,0.8
38259,0.8
21355,1.0
24370,1.0
34266,0.0
1474,0.8
602,1.0
13019,0.0
30100,1.0
23369,0.8
24358,1.0
33703,1.0
24521,0.8
31668,0.0
22527,1.0
18375,0.0
28979,1.0
28381,0.0
15479,0.0
27268,0.0
34152,0.0
21790,1.0
140,1.0
36656,0.0
29248,0.2
26998,0.8
10204,1.0
35740,0.8
8124,1.0
2146,0.0
6543,1.0
36872,0.0
25635,0.0
36757,0.8
5639,0.2
5224,0.8
38012,1.0
29030,0.0
17639,1.0
3781,1.0
17459,0.0
15356,1.0
34003,1.0
15973,0.8
35981,0.0
1427,1.0
22515,0.2
29812,1.0
18993,0.2
816,0.2
2130,1.0
27200,0.0
13606,1.0
5945,0.8
31282,0.0
33193,0.0
6846,1.0
4321,1.0
8433,1.0
26760,0.4
7801,1.0
24091,0.0
17644,1.0
35933,0.0
10648,1.0
24415,1.0
37615,0.0
966,0.0
10420,0.8
7550,0.8
28688,0.0
15655,0.0
2626,1.0
10307,1.0
16277,0.8
9434,0.8
7145,0.2
22091,1.0
13274,1.0
2227,0.0
1074,0.0
5883,1.0
34828,0.8
11420,0.0
31021,0.0
4662,1.0
29224,0.0
12312,0.8
21185,0.0
32971,0.0
22100,0.8
14527,1.0
20370,0.8
15333,1.0
32865,1.0
12340,0.0
23491,0.0
13936,0.0
21249,0.0
36765,1.0
22607,0.0
17825,0.8
32448,0.0
3276,0.4
35831,1.0
11681,0.0
27477,1.0
20628,0.4
10353,0.0
36464,1.0
24054,0.8
14903,1.0
14465,0.0
2474,1.0
16325,0.0
32839,0.0
3406,1.0
21406,1.0
28491,0.9
16154,1.0
12851,1.0
24786,0.8
1665,0.8
100,1.0
35394,1.0
29209,0.0
11098,1.0
537,0.0
31482,0.8
31648,1.0
37034,0.0
23830,0.0
15706,0.0
157,0.0
30164,0.0
20222,0.2
32785,0.9
7274,1.0
34565,0.2
17906,0.0
32547,0.0
5958,0.0
16512,0.8
18320,0.0
35233,1.0
30467,0.8
14928,0.2
12507,0.0
24582,1.0
26185,1.0
34635,1.0
32410,0.0
3762,0.0
6580,1.0
31532,0.0
30878,0.8
991,0.0
31902,0.0
31654,0.0
34687,0.8
23423,0.0
37092,0.0
32959,0.0
35393,0.0
21,0.0
6081,0.0
24183,1.0
14389,0.9
14043,1.0
13570,0.0
33789,0.0
24452,0.0
18221,0.0
36459,1.0
26650,0.0
20626,0.0
33661,0.8
20735,0.0
21027,0.8
12228,0.0
26979,1.0
14778,0.8
28198,1.0
22875,1.0
10392,0.0
33291,1.0
23903,0.0
36486,0.8
35901,0.0
37809,0.0
23783,1.0
18312,0.0
9483,0.0
22869,0.0
32553,0.0
2707,0.0
33133,0.2
11534,1.0
2124,0.0
26852,1.0
35429,0.8
16482,1.0
16404,0.8
26099,0.8
15410,0.0
32687,0.0
22181,1.0
14050,0.0
15308,1.0
27861,1.0
14309,0.9
6156,0.8
11802,0.8
28507,0.0
2634,1.0
591,1.0
2226,0.0
24308,0.8
25737,0.0
24075,0.4
15770,0.0
28141,1.0
38099,0.8
19066,1.0
13402,0.0
36863,0.0
18776,1.0
5295,0.8
19363,0.0
28131,0.8
5013,0.0
28870,1.0
29648,0.0
30636,0.2
13711,1.0
27943,0.0
21762,1.0
9494,0.0
21869,0.0
25209,0.8
17654,0.9
20139,0.0
5401,0.0
29416,1.0
26960,0.0
5779,0.0
22601,0.0
33000,0.8
6618,0.0
17229,0.0
29765,1.0
4771,1.0
23238,1.0
35985,0.8
8997,1.0
7553,0.0
4216,0.8
25616,1.0
14922,1.0
24368,0.0
22727,0.0
3164,0.0
3883,0.9
11577,0.4
27086,0.0
1031,0.9
15614,1.0
13969,1.0
33532,0.8
29738,0.9
19589,0.8
23373,0.8
3434,1.0
26678,0.0
25521,0.8
19847,0.8
10087,1.0
11819,0.0
12126,0.9
1173,0.9
1085,0.0
29386,0.8
38024,0.9
33687,1.0
26450,1.0
9794,1.0
35119,0.8
26391,1.0
10329,0.8
36701,0.8
1773,0.8
30182,0.2
1783,0.0
1811,0.0
1168,0.4
12511,0.8
27932,1.0
18178,1.0
25197,1.0
9623,1.0
10159,0.0
17016,0.8
25703,1.0
6481,1.0
20057,1.0
29924,1.0
15103,0.0
18515,1.0
9507,0.0
8642,0.8
20859,0.0
37888,0.0
6723,1.0
16799,0.0
23032,0.9
863,0.2
20302,0.8
16957,0.8
25379,1.0
6469,0.0
18236,1.0
7325,1.0
28799,0.0
3820,1.0
11145,1.0
8356,0.0
8362,0.9
38188,1.0
32328,1.0
34295,0.0
34545,1.0
27078,0.0
21607,1.0
20035,0.0
36562,0.4
37524,0.0
20022,0.0
8146,1.0
27643,0.8
14098,0.0
3051,0.0
19263,1.0
16088,0.8
22410,0.0
30479,0.0
33924,0.8
14011,1.0
15451,0.4
13875,0.0
14503,0.0
1384,1.0
27208,0.0
17157,1.0
27141,0.0
21132,1.0
15177,1.0
34698,1.0
9983,0.0
11036,0.0
3143,1.0
5484,0.0
2768,0.0
8673,1.0
11569,1.0
28657,0.0
15641,1.0
22598,0.0
32020,0.0
19629,1.0
9817,1.0
28416,0.0
18385,1.0
31738,0.0
9975,0.0
7800,1.0
5377,0.0
34126,1.0
31289,0.2
14335,0.8
14679,0.8
9263,0.0
744,0.0
25891,0.0
2412,0.8
21657,0.8
33794,0.0
21493,1.0
5713,0.8
25380,0.0
16341,0.0
614,1.0
11186,0.0
3334,0.0
2909,0.2
2039,0.8
17931,0.8
21152,1.0
27799,0.0
1600,1.0
5847,0.0
14054,0.0
24180,0.8
31558,0.0
28424,0.8
24018,1.0
6993,0.2
7482,0.0
17433,0.0
1407,0.0
29415,0.8
36470,1.0
4885,0.0
31694,0.8
29313,1.0
666,0.0
36927,0.2
4385,0.8
30761,0.8
8620,0.0
11821,1.0
5149,0.0
19486,1.0
19082,1.0
21891,0.9
36557,0.0
20184,0.8
7451,0.8
30681,0.0
5861,1.0
21174,0.0
12499,1.0
26571,0.0
358,0.0
28809,1.0
17210,0.0
3555,0.8
36574,1.0
10907,0.2
16711,1.0
11442,0.0
18232,0.8
28317,0.0
10535,1.0
6114,0.0
8355,1.0
10277,0.8
33795,0.0
607,0.0
26574,0.0
35950,0.8
37663,0.0
24230,1.0
9705,0.9
2161,1.0
9437,1.0
11367,0.0
22683,1.0
22825,0.0
12819,1.0
6428,0.9
9397,1.0
32493,1.0
25555,1.0
13135,0.0
3720,0.2
4029,1.0
20021,1.0
31397,0.2
19504,1.0
11642,1.0
27480,0.8
7697,1.0
8862,0.0
32293,0.0
22553,0.8
10848,0.8
31701,0.0
401,1.0
4836,1.0
12832,0.8
26053,0.0
26561,1.0
7855,1.0
28628,0.0
16590,0.0
17333,0.0
9354,0.4
3587,0.0
35382,1.0
21119,0.0
2144,1.0
36011,0.0
8629,1.0
16046,0.0
18841,1.0
4796,0.8
11449,0.0
35938,0.0
11131,1.0
26517,1.0
31595,0.0
37331,1.0
16182,1.0
13798,1.0
19512,0.8
32950,0.0
5058,0.0
8601,0.0
9531,1.0
28175,1.0
22129,0.9
691,0.0
25748,0.8
32608,0.0
30029,0.0
3635,1.0
2629,1.0
20681,0.0
16827,0.0
17466,1.0
26507,0.0
16251,0.4
5432,0.0
4094,0.0
6770,1.0
1325,1.0
25812,0.0
8189,0.8
7904,1.0
12033,0.0
34807,0.8
1049,1.0
21184,0.0
6466,0.8
20183,1.0
29340,1.0
38353,0.0
37774,0.0
25607,0.0
20115,1.0
36573,0.0
21542,1.0
21083,1.0
1117,0.9
31612,0.8
5162,1.0
24493,0.0
30424,0.0
22062,0.8
22542,0.0
3477,1.0
35600,0.8
15677,0.0
35,0.0
28182,1.0
22529,1.0
6856,0.0
31591,0.0
21603,0.0
1096,1.0
37039,1.0
29716,0.8
22953,0.0
38356,1.0
37004,0.0
13117,0.8
31877,1.0
24715,0.0
35964,0.2
7011,0.8
31849,1.0
28059,1.0
28024,0.0
23964,0.0
15264,0.0
17058,0.0
28782,0.8
17443,0.0
13128,1.0
7612,0.8
10669,0.0
18478,0.0
15897,0.4
5523,0.8
2923,0.0
22148,0.0
22637,1.0
19014,0.0
19715,0.8
3,1.0
31543,0.8
29334,0.8
36272,0.9
23153,0.0
37068,0.8
24593,0.0
355,1.0
5369,1.0
18345,0.8
10627,0.8
23436,0.0
37827,0.0
33928,0.0
34043,1.0
11654,1.0
14300,0.4
38375,0.0
26262,0.8
35222,0.0
11527,1.0
30680,0.8
21079,0.9
698,1.0
16102,1.0
28421,0.4
31095,0.8
18013,0.0
7287,1.0
8915,0.0
8460,0.0
6233,1.0
8501,1.0
30129,1.0
32478,1.0
18294,0.2
8409,1.0
29734,1.0
18494,1.0
1005,1.0
24420,1.0
28094,0.0
13961,0.9
6247,0.8
33793,0.0
33674,0.0
38074,0.8
18031,0.0
11578,0.0
7259,1.0
36975,0.0
15746,0.0
8236,0.0
35191,0.0
35149,0.0
25949,0.0
34707,1.0
4113,0.0
25283,1.0
26741,1.0
