id,attack
2526,0.0
33773,0.8
5529,0.8
28196,1.0
6952,1.0
16819,0.0
4321,0.0
10020,0.2
15508,1.0
27110,0.0
4522,1.0
10152,0.0
9419,0.8
22964,0.0
21325,1.0
16884,1.0
6163,1.0
28324,0.0
18776,0.0
21212,0.0
7819,1.0
15824,0.0
27669,0.0
6644,0.2
21056,0.0
4999,0.0
21168,0.0
14477,1.0
1035,0.2
17032,0.3
19177,1.0
22566,1.0
23165,0.0
26032,0.0
9488,0.2
33816,1.0
29479,0.0
16613,0.0
100,0.8
31459,1.0
27102,0.0
2555,0.7
13128,1.0
14446,1.0
25999,0.8
8536,0.0
27100,1.0
2126,0.1
23834,0.0
28662,0.3
27092,1.0
20763,0.0
18498,1.0
32796,1.0
26713,0.0
34121,0.8
4885,0.2
7915,1.0
5376,1.0
30665,0.3
26673,0.0
16046,0.0
13410,0.0
23459,0.0
2141,0.0
9099,0.9
14409,0.0
1443,1.0
22707,0.0
8262,0.0
13186,1.0
21764,0.0
1600,1.0
15384,0.0
8454,0.0
29400,0.0
23862,0.0
12582,0.0
22913,0.0
22297,0.0
15580,0.0
18704,0.0
9424,1.0
7200,0.8
19735,0.0
8367,0.0
1001,0.6
29999,0.0
27137,0.8
10809,1.0
25163,0.0
24859,1.0
5477,0.0
16263,0.6
5847,0.0
23470,0.8
31373,0.0
35216,1.0
7060,0.0
20900,0.0
25027,0.0
10619,0.0
27869,1.0
11673,0.0
30626,1.0
20416,1.0
20451,1.0
19148,0.0
1738,1.0
10453,1.0
32108,1.0
20887,1.0
31766,1.0
34364,0.6
31725,1.0
34008,0.8
13507,0.0
2328,0.2
34447,0.0
5386,1.0
20711,0.2
11072,1.0
22399,0.7
20697,0.0
24459,1.0
25584,1.0
1227,1.0
26476,1.0
15313,0.9
32769,0.0
15891,0.0
26779,0.8
15752,1.0
31833,0.0
22989,0.0
5987,0.0
35112,1.0
5650,0.0
26447,0.0
31386,0.5
21210,0.0
12896,0.3
865,1.0
32340,0.8
23732,1.0
27297,1.0
24595,0.0
19444,0.0
22886,0.0
24950,1.0
33830,1.0
1494,1.0
1470,0.8
7144,0.0
32904,0.0
10204,0.0
6892,0.0
12108,0.0
8641,0.8
31777,0.8
12154,0.0
33057,1.0
30308,1.0
5326,1.0
20669,1.0
13355,0.3
24846,0.0
10342,0.0
6873,0.8
212,1.0
15446,1.0
15098,1.0
17095,1.0
23308,0.0
18686,0.0
20839,0.8
8507,0.0
12446,0.8
6706,0.0
13758,1.0
7823,1.0
3276,0.0
23530,1.0
20527,0.0
31013,0.0
15779,0.0
9623,0.0
13268,1.0
5432,0.0
2603,0.0
28702,1.0
29012,1.0
25554,1.0
25437,0.0
24093,1.0
3696,0.0
6855,1.0
28506,1.0
14789,1.0
24479,0.0
7729,0.0
16118,1.0
11845,0.0
16267,0.0
8329,1.0
29196,0.0
3943,0.0
29491,1.0
19549,1.0
11734,0.0
3267,0.9
18116,1.0
31802,0.9
23019,0.0
15038,0.7
488,1.0
25493,0.0
10301,0.8
14869,0.8
3095,0.0
17147,1.0
6465,0.0
13446,1.0
8755,0.2
25574,0.2
22724,0.0
31874,0.8
15614,0.0
21673,1.0
33770,1.0
31563,0.2
30069,0.3
23643,0.0
553,0.0
35234,0.0
5296,0.0
27395,1.0
28518,0.0
13382,0.0
2817,1.0
35098,0.0
21087,0.0
14106,0.0
25122,0.8
17252,1.0
33728,0.0
10357,1.0
1407,1.0
33369,0.0
16289,1.0
19294,0.8
22013,1.0
13157,0.0
34690,0.0
14160,0.0
29447,1.0
28447,0.0
16158,0.0
7250,1.0
16730,1.0
15289,1.0
20097,0.0
29924,0.0
11359,1.0
15177,0.0
15771,0.3
3992,0.7
5687,1.0
30637,0.8
456,0.0
29203,0.0
6857,0.0
11554,1.0
21108,1.0
27878,0.0
8771,1.0
24898,0.7
193,0.0
13386,0.0
19845,0.8
23055,1.0
18949,0.9
11853,0.0
19379,0.2
2413,1.0
8375,1.0
31367,0.0
25146,0.9
29468,1.0
5464,1.0
31212,1.0
25495,0.0
5323,1.0
15678,0.0
16781,0.0
18058,0.0
20528,0.0
8635,0.0
33051,0.0
26012,1.0
20996,0.0
26379,0.6
23827,1.0
12925,1.0
6338,1.0
25498,0.0
5276,1.0
5754,0.0
30838,1.0
10201,1.0
26639,0.9
27349,0.0
11907,0.8
16092,1.0
5478,0.0
3703,0.0
29729,0.0
13361,0.6
21696,0.0
18112,0.8
2839,0.0
1773,1.0
21310,0.0
8704,1.0
25050,0.0
8946,1.0
2979,0.0
28570,1.0
3136,0.2
14227,0.0
4114,0.0
13334,1.0
27894,0.0
9595,1.0
5181,1.0
8056,1.0
33656,0.0
27793,0.0
17569,0.0
5861,0.0
34860,0.0
1315,1.0
34287,1.0
25873,0.0
10818,0.0
306,1.0
15675,0.0
24175,0.0
31702,1.0
14835,0.5
8901,0.7
25460,0.0
11448,0.0
5347,0.9
3931,0.0
985,0.0
2894,0.0
29740,0.0
13240,0.0
6383,0.3
9399,0.3
19784,0.0
26404,0.0
23505,0.8
8757,0.9
20065,0.0
8232,0.0
13587,1.0
11273,1.0
24820,0.3
8986,1.0
33174,1.0
11674,1.0
22883,1.0
28575,0.0
12915,1.0
27771,0.0
25978,0.0
20467,0.0
21344,0.5
26451,1.0
24657,1.0
25448,0.0
18024,0.0
20485,1.0
119,0.0
5807,0.0
936,0.9
6481,1.0
12242,1.0
24828,0.8
27923,1.0
7423,0.0
30054,0.0
14202,0.0
13088,1.0
19486,0.8
26035,1.0
8489,1.0
16408,0.0
567,0.0
26521,1.0
8592,0.7
588,0.0
10082,0.0
8118,1.0
16718,0.0
27710,0.0
19320,0.0
21428,1.0
31351,0.0
31931,0.0
7473,1.0
10169,0.0
21963,0.3
19077,0.0
9423,1.0
6370,0.0
4397,1.0
2568,1.0
25143,0.0
6362,0.0
12390,1.0
29932,1.0
18385,0.0
14460,0.0
30545,1.0
29726,1.0
16188,1.0
1062,0.3
24375,1.0
7006,1.0
22294,0.0
32744,1.0
17439,1.0
30791,0.7
31630,0.0
16050,0.0
25983,1.0
34236,0.0
2145,0.3
12001,0.0
11287,0.9
34232,1.0
2491,0.0
23584,1.0
9680,0.0
16371,0.3
23319,0.0
16558,0.3
32974,0.0
19122,1.0
3994,1.0
12340,0.0
29509,0.0
13928,1.0
20525,0.0
12789,1.0
25211,0.0
6589,0.0
744,0.0
17701,0.0
22163,0.0
22052,0.0
32306,0.0
10946,0.0
12016,0.0
27633,1.0
16664,1.0
26017,1.0
13721,0.8
17821,0.0
22553,1.0
20768,1.0
9961,1.0
5244,1.0
17718,0.0
3718,1.0
34507,1.0
1030,1.0
13742,0.8
3341,0.0
4241,1.0
29129,0.8
29506,0.0
11269,0.9
22075,0.0
5524,1.0
15479,0.0
1151,0.0
15625,0.0
14805,0.0
35254,1.0
8942,0.0
3742,1.0
29684,1.0
15398,0.0
13919,1.0
18245,0.0
4326,0.0
7204,0.9
14026,1.0
29949,1.0
9331,0.0
1597,0.0
28056,0.5
24979,0.0
9316,1.0
8041,1.0
1502,0.0
15118,1.0
19103,0.0
7884,1.0
399,1.0
31323,0.8
27132,0.0
19384,1.0
11841,0.0
26234,0.8
12702,1.0
14024,0.0
17141,0.8
23303,0.0
14071,1.0
5076,0.8
14944,0.0
22887,1.0
17105,0.0
14596,1.0
10043,0.0
30452,0.8
602,0.8
431,1.0
5884,0.7
16713,1.0
2833,0.0
28103,0.0
25272,1.0
33540,1.0
22971,0.0
18328,0.0
32391,1.0
4928,1.0
24166,1.0
28699,1.0
20718,0.0
21518,0.9
16618,0.0
32473,0.0
24953,0.8
31941,1.0
22823,1.0
20236,0.0
22409,0.3
15974,0.0
10593,1.0
24502,0.0
27237,0.0
26487,0.3
24002,0.0
22124,0.0
31533,0.8
11257,1.0
8382,1.0
21682,1.0
11538,1.0
33478,0.3
31917,0.0
30557,0.0
14606,0.0
7015,0.0
26100,1.0
13437,0.0
29693,1.0
31092,0.8
32163,0.2
22988,1.0
16272,0.0
12406,0.0
17731,0.0
28851,0.8
9476,0.0
3667,0.0
14764,0.3
5866,0.8
7366,0.0
22183,0.1
98,0.0
28999,1.0
29680,0.0
3622,1.0
26786,0.0
34006,0.0
26065,0.0
2203,1.0
29657,1.0
19273,0.0
6761,0.0
27852,0.0
4077,0.0
9507,0.0
2971,0.2
34734,0.2
28145,1.0
24975,0.0
19387,1.0
25042,0.0
18995,0.7
28346,1.0
1286,1.0
28503,0.2
1031,1.0
31685,0.0
21250,0.0
14495,0.0
31539,1.0
9318,0.0
439,0.0
21286,0.0
20407,0.3
4550,1.0
3281,1.0
24600,1.0
18850,0.8
3207,0.7
4119,1.0
12489,1.0
17761,0.9
18034,1.0
29708,0.8
13582,0.0
133,0.0
32499,1.0
10757,0.3
4074,1.0
7217,1.0
12163,0.2
14146,0.3
24738,1.0
12765,0.0
20728,0.0
24021,0.0
1911,1.0
8110,1.0
18680,0.0
15404,1.0
10197,0.0
15264,0.8
17096,1.0
27042,1.0
6918,1.0
14142,0.0
20053,0.0
10449,0.0
13819,1.0
11856,0.0
28461,0.0
32863,0.3
4964,0.8
7409,0.6
27242,1.0
12325,1.0
10611,0.8
12232,0.0
32192,1.0
6788,0.0
2731,0.0
22433,1.0
33609,1.0
35031,0.0
14381,0.8
5557,0.0
29943,0.7
21990,0.0
18880,0.0
22103,1.0
15015,0.0
20247,0.0
2040,1.0
17188,0.8
21911,1.0
111,1.0
9453,0.0
7070,0.0
26155,1.0
33013,1.0
16593,0.7
14995,0.0
20474,0.0
7273,0.0
10004,0.0
29646,1.0
7848,0.0
31397,0.0
9347,0.8
35462,0.8
31523,0.8
5952,0.9
16332,1.0
9590,1.0
21328,1.0
30097,0.5
10521,1.0
15706,1.0
9547,1.0
14926,1.0
31679,1.0
8817,0.1
21705,0.0
4897,1.0
32037,0.0
23646,0.0
24835,0.0
11928,0.8
35221,1.0
31264,0.0
28102,1.0
10754,0.3
22622,1.0
28209,0.0
7256,0.0
101,0.0
33348,0.8
20626,0.0
15448,0.0
675,1.0
23026,0.8
25441,1.0
5835,1.0
15672,0.0
6046,0.8
8114,1.0
28053,0.3
25191,0.0
26388,0.0
25765,1.0
34054,0.0
2033,1.0
22951,0.7
11089,1.0
24358,1.0
11327,0.8
29367,0.0
22837,0.0
3555,1.0
6188,0.8
21197,0.0
18251,1.0
1669,0.8
32900,0.0
7642,1.0
9442,1.0
15255,1.0
27899,1.0
16692,0.0
13521,0.0
12698,0.8
22001,0.0
16202,0.8
31411,0.8
11713,0.8
17412,0.0
32634,0.0
24194,0.0
24594,1.0
33886,1.0
7989,1.0
1683,1.0
20606,0.0
11796,0.0
27563,1.0
5433,1.0
33725,0.3
20482,0.8
21552,1.0
27193,1.0
2926,0.0
9624,0.0
24024,0.0
19656,0.0
6180,1.0
3477,0.8
16336,0.0
13119,0.0
31969,0.0
17662,0.0
4442,0.0
2660,0.0
3390,0.0
6499,0.0
16798,1.0
22917,0.8
4706,0.0
12623,0.0
28260,0.0
4022,1.0
24744,0.0
16738,0.0
26827,1.0
11819,1.0
17033,0.0
14099,0.8
28588,1.0
27329,0.0
3974,1.0
10198,0.8
31953,0.0
30170,0.0
27219,0.0
27015,0.9
32518,0.7
28300,0.0
9133,0.9
30204,1.0
33715,1.0
3347,0.0
21835,1.0
9702,0.3
35030,1.0
25864,0.0
940,0.0
29814,0.0
17485,1.0
14755,0.0
9532,1.0
32913,0.0
27468,0.0
23800,0.3
10397,1.0
8452,1.0
18292,0.8
5653,1.0
24267,0.0
7808,0.7
18452,1.0
32925,1.0
1044,0.0
9081,0.0
7953,0.8
2156,0.0
8337,0.0
30507,0.8
12250,0.0
34623,0.2
5153,0.2
33633,0.0
5313,0.8
10569,0.8
9844,1.0
1376,0.2
17802,0.0
20941,0.3
34986,0.3
7180,1.0
23734,1.0
6487,0.0
34760,1.0
32019,0.0
8353,0.0
19035,1.0
22246,1.0
2941,1.0
15868,0.0
22912,0.0
26094,0.0
15926,0.0
5525,1.0
4758,0.0
18754,1.0
24452,0.0
31475,1.0
11564,1.0
14387,0.8
12531,0.0
25256,0.0
19439,1.0
26585,0.0
13926,0.8
10765,1.0
16185,1.0
15349,1.0
5535,0.0
24251,0.0
12700,1.0
21,0.0
3021,0.0
28782,0.0
15025,1.0
15212,0.0
19602,1.0
26587,0.0
22157,0.0
11529,1.0
1665,0.9
8226,1.0
32030,0.3
11544,1.0
13217,0.0
23365,1.0
7346,0.0
29248,0.0
5214,0.0
14588,0.0
35217,1.0
26031,1.0
19877,0.2
29991,0.0
6770,1.0
18137,1.0
32063,1.0
32280,0.0
11944,1.0
17150,0.0
4033,1.0
28727,1.0
22123,0.0
2499,1.0
11578,0.0
18475,0.0
17610,0.0
15343,0.3
870,1.0
27111,0.0
15390,1.0
2153,0.0
26106,1.0
19242,0.5
3707,1.0
24210,1.0
19512,0.3
30229,1.0
19649,0.0
7886,0.0
3690,0.8
25347,0.8
9210,1.0
16712,0.0
2693,0.0
7408,0.0
32673,1.0
3248,1.0
372,0.3
31489,0.0
32851,0.8
5500,0.0
18192,0.8
2078,1.0
30129,1.0
12259,1.0
5290,1.0
5873,0.0
13528,1.0
6422,0.7
23479,0.0
33777,1.0
34081,1.0
23082,0.0
19641,0.7
31322,0.0
32071,0.0
3816,0.0
15918,0.0
32879,0.0
31477,0.0
16634,0.0
15353,0.0
5149,0.8
3918,1.0
9016,1.0
13688,0.0
32028,0.0
28303,1.0
12514,0.0
26193,0.0
6259,0.0
17770,1.0
30686,0.0
16509,0.0
26922,0.3
18784,0.0
10010,0.8
17550,0.8
7801,0.0
33032,0.0
33191,0.0
20786,1.0
28066,1.0
1679,0.0
29505,1.0
17198,1.0
27788,0.0
17086,0.0
16498,1.0
4403,0.0
6344,0.3
28072,1.0
33687,0.0
32908,0.0
1693,0.0
25257,0.0
2152,1.0
14867,0.0
12949,0.3
19648,1.0
2399,1.0
1481,1.0
26889,0.9
22721,0.8
4796,0.0
25057,0.0
34829,0.0
28668,1.0
28652,1.0
27095,0.8
16064,1.0
27109,0.8
6561,0.0
7011,0.8
6832,0.0
5951,1.0
16424,1.0
16029,1.0
20027,0.8
17178,0.8
34482,0.0
18360,0.8
34350,1.0
17080,1.0
25939,1.0
19776,0.9
3170,0.0
29837,0.0
29572,1.0
13055,0.0
27124,0.0
25011,0.0
11477,1.0
32477,0.0
32736,0.0
21662,0.8
25943,0.0
517,0.0
15031,1.0
27604,1.0
24939,0.0
28168,1.0
1699,1.0
11610,0.0
9,0.3
25797,0.0
10332,1.0
34319,1.0
32801,1.0
30634,1.0
33593,0.0
75,0.6
14837,0.0
3352,1.0
812,0.9
15737,0.0
26441,0.0
27516,1.0
30328,1.0
13350,0.0
14723,0.0
3178,0.0
26043,1.0
728,0.0
15019,0.0
33366,1.0
21936,1.0
14265,1.0
23383,0.0
11442,0.0
28043,0.0
20881,0.0
11178,1.0
2086,0.0
9298,1.0
21085,1.0
31315,0.0
19761,0.0
33408,1.0
19163,0.0
4031,1.0
21857,1.0
7880,0.0
1862,0.0
18194,1.0
25291,0.0
28825,0.0
21072,0.8
33297,0.0
24283,1.0
27789,1.0
6199,0.0
11466,0.8
3463,0.0
9454,0.0
11199,0.0
27820,0.0
26684,0.0
18076,0.0
3382,0.0
28967,0.0
30364,0.0
11518,1.0
33575,0.7
31812,0.0
1614,0.0
31998,1.0
13401,0.0
17637,0.8
8951,0.0
2146,0.8
34729,0.0
20549,1.0
8094,0.0
12143,1.0
28671,0.8
28363,0.3
12875,0.1
26513,1.0
20124,0.0
12842,0.0
12407,0.1
25364,0.5
12546,1.0
21974,1.0
28241,0.0
5932,0.0
12972,1.0
21230,0.0
29638,0.0
4937,1.0
3951,0.8
26524,0.8
16619,0.0
31440,0.8
12307,1.0
13307,1.0
17398,0.2
7860,0.0
16463,1.0
18999,1.0
22091,1.0
19001,0.8
7163,0.8
6808,0.8
9500,0.8
3434,0.8
29309,0.8
1922,0.8
33810,1.0
18536,0.0
10138,0.0
24802,1.0
16126,0.8
5899,1.0
35282,0.0
17822,1.0
19996,1.0
27778,0.0
27980,1.0
7308,0.0
6296,1.0
17219,0.0
23536,1.0
18738,1.0
15092,1.0
21062,0.7
17104,0.8
7622,0.0
13943,0.0
26624,0.8
27722,1.0
33352,0.0
8667,0.0
13172,1.0
18746,0.8
32910,1.0
16856,1.0
2287,0.1
29107,0.8
17542,1.0
27276,0.0
34001,1.0
29369,1.0
6466,0.0
33141,1.0
12038,1.0
18114,0.0
21191,0.6
1096,1.0
2000,0.0
29150,0.8
8786,1.0
26978,0.0
22151,0.0
9121,0.8
27785,0.3
25699,0.0
32773,1.0
29867,0.3
28468,0.0
17795,1.0
22371,0.0
5108,1.0
21982,0.0
3745,1.0
14815,1.0
705,0.8
24543,0.9
17527,1.0
6924,1.0
10272,1.0
28589,1.0
737,1.0
7549,0.0
18861,0.8
22634,1.0
35156,1.0
35136,0.0
33088,0.0
11539,0.0
9765,1.0
28354,0.0
6982,0.0
19651,0.0
34435,1.0
20050,0.0
5528,0.0
30319,1.0
15400,0.3
3003,1.0
29034,1.0
16163,0.0
27950,0.0
28827,1.0
16999,0.8
28837,1.0
23867,0.0
19794,1.0
23097,0.0
1493,0.0
15301,1.0
11439,1.0
2961,0.0
19433,1.0
28795,1.0
29148,0.0
13206,1.0
28445,1.0
8355,0.0
13120,1.0
26003,1.0
22686,0.0
15696,1.0
27245,1.0
30446,0.0
4611,1.0
21010,1.0
28215,0.8
18470,0.0
33357,0.8
7082,0.0
20127,0.7
27118,1.0
7927,1.0
7317,1.0
20765,0.0
5436,1.0
29360,0.0
30061,1.0
3692,1.0
21955,1.0
19099,0.2
14005,0.0
8852,1.0
26907,1.0
12271,1.0
7155,1.0
6985,0.0
25136,0.2
16244,0.8
4600,0.0
4887,1.0
4882,1.0
31201,0.0
4535,1.0
33942,0.9
14677,0.9
15451,0.2
21661,0.0
4417,1.0
14539,0.0
30074,0.0
4802,1.0
33752,0.3
10216,0.0
24982,0.0
17546,0.5
32585,1.0
8112,1.0
14252,0.0
9437,1.0
13353,0.0
31138,0.2
12860,0.0
21809,0.7
27365,0.0
12624,1.0
3781,1.0
5463,0.0
16697,0.0
2736,0.0
18453,1.0
31554,0.3
12336,1.0
12374,1.0
10025,0.8
34733,0.0
17449,1.0
17860,0.8
7757,0.0
25766,0.8
17986,1.0
28489,1.0
28632,0.0
19589,1.0
7897,0.0
11569,0.0
12605,0.0
11821,0.0
34085,0.8
31331,0.0
27879,0.0
28073,0.3
7758,1.0
4424,0.0
26414,1.0
157,0.0
1841,0.0
285,1.0
33570,0.8
19872,0.8
18974,1.0
22483,1.0
12424,0.0
29268,0.8
3768,0.0
7438,1.0
13583,1.0
1074,0.0
32151,0.0
15595,1.0
22313,0.0
27014,0.0
1233,0.0
34891,1.0
5789,0.0
28773,1.0
7514,0.0
30247,1.0
33340,0.0
25705,1.0
15727,0.0
10900,1.0
23385,0.0
33298,0.0
12857,0.0
32682,0.3
34699,0.0
10766,1.0
23723,1.0
30500,1.0
544,0.0
11046,1.0
20901,0.0
27818,1.0
4551,0.0
11832,1.0
7623,1.0
6331,0.0
34881,1.0
34144,1.0
16020,0.2
28521,1.0
17124,0.0
30714,0.7
2340,0.1
16809,1.0
28099,0.0
34140,0.8
34265,1.0
502,0.8
22718,0.0
24465,0.8
35395,1.0
7749,0.0
23017,1.0
21083,0.8
24347,0.0
7782,1.0
5736,0.0
33586,0.8
27656,0.0
6674,0.0
13503,1.0
3507,0.0
24829,1.0
1595,1.0
32252,0.0
4641,0.0
10735,0.0
15433,0.9
11536,0.3
17241,1.0
33783,0.0
15556,0.2
16282,0.0
34489,0.0
25378,1.0
18266,0.0
6355,0.0
33673,1.0
24577,0.8
25823,0.3
22250,0.0
34820,0.8
9676,0.0
1745,0.8
21153,0.0
19427,0.3
23714,0.0
3368,0.0
2195,0.0
17641,0.0
19630,0.8
35165,0.8
12553,0.3
19976,0.8
20271,0.0
9975,0.0
12159,1.0
61,0.0
29445,0.0
33569,0.8
17580,1.0
6198,0.0
27627,1.0
27791,1.0
34091,0.0
32838,1.0
26390,1.0
35531,0.0
16753,0.0
3552,0.0
592,0.0
35102,0.8
20326,0.0
32512,1.0
20481,0.0
30888,0.8
14744,0.0
3020,0.8
21999,0.8
1803,1.0
34306,1.0
1689,0.0
27224,0.0
7759,0.0
2728,0.9
22035,0.7
28970,0.0
30317,1.0
10796,0.8
17232,0.0
18299,0.0
35300,1.0
6292,0.8
18740,1.0
1584,1.0
2636,1.0
13279,1.0
21796,0.0
12375,0.0
29580,0.0
2109,0.8
2525,0.0
29043,0.2
3333,0.0
27890,0.0
2909,0.7
31326,1.0
4202,1.0
6133,0.9
17017,1.0
28978,0.0
1102,1.0
28758,1.0
23995,0.0
21091,1.0
28291,0.3
33431,0.0
27969,0.3
10331,1.0
18154,0.8
948,1.0
17656,1.0
2007,0.0
31273,0.8
20857,1.0
23114,0.0
12868,0.8
31050,1.0
33789,0.0
30567,0.2
15985,0.0
10639,0.0
13860,0.8
24737,0.95
12470,0.0
11527,1.0
25635,1.0
2626,0.0
2768,1.0
4357,1.0
10817,0.9
5315,0.0
3288,0.3
26364,0.0
31670,0.0
4985,0.2
17073,0.7
12981,1.0
1474,0.2
13427,1.0
16852,0.0
12914,0.0
24472,1.0
11929,0.8
25646,0.9
35089,0.0
32369,0.8
22356,0.0
6625,0.3
616,0.9
6684,0.0
30409,0.0
14012,0.3
13626,0.0
19805,0.0
8485,0.0
27757,0.8
16014,0.0
4207,0.0
23652,1.0
24324,1.0
28091,1.0
696,0.8
21374,0.0
30018,0.8
1529,0.8
9375,0.0
23556,1.0
13083,1.0
31780,0.0
25355,0.8
2242,0.3
10600,0.0
26819,0.8
24034,1.0
14209,0.9
4607,0.0
3150,0.0
33362,0.0
29403,0.8
16230,1.0
18853,1.0
27487,0.0
10733,0.0
13218,1.0
23807,1.0
15707,1.0
23406,1.0
21190,0.0
7584,0.0
137,1.0
22299,0.8
20034,1.0
27586,1.0
2468,1.0
5419,0.0
11473,1.0
28231,1.0
13453,0.0
20866,0.0
27804,0.0
9064,0.0
20565,1.0
13134,0.0
10520,0.0
30468,0.0
9817,1.0
32932,0.3
17806,0.0
26102,0.0
15701,0.4
1022,1.0
27886,0.8
39,1.0
14941,0.0
11746,1.0
16060,1.0
33756,0.0
22253,0.0
16637,0.0
21888,0.0
11749,1.0
16247,0.0
8777,0.0
13149,1.0
6631,1.0
5752,0.7
14419,0.0
31269,0.2
32094,0.0
24039,0.8
30882,0.0
16420,0.9
3658,0.0
29204,0.0
9578,0.0
28090,0.0
34480,0.0
591,0.7
30548,0.8
16808,0.0
31614,0.0
17157,0.0
30062,0.0
31441,0.0
22021,0.0
31298,0.3
4213,0.8
4736,0.0
18539,1.0
13955,0.0
3543,0.0
24969,1.0
8520,0.8
26505,0.0
23270,0.0
14587,1.0
33073,0.0
5729,1.0
26807,0.0
23494,1.0
32423,1.0
24081,0.0
29326,1.0
5270,0.8
27688,0.0
1837,1.0
32307,0.0
25605,0.0
13340,1.0
5267,0.5
21663,0.0
27133,1.0
23687,0.8
20376,1.0
29829,0.0
13187,1.0
27451,0.0
32492,0.0
13969,0.3
15560,0.0
20853,1.0
18441,1.0
31611,0.0
23989,1.0
17771,0.0
19508,0.8
640,0.0
6448,1.0
20820,0.2
13711,1.0
24474,0.8
27513,0.0
16690,1.0
26348,0.0
18263,1.0
29759,1.0
9403,1.0
31011,1.0
32553,0.0
33044,1.0
24564,0.8
9180,1.0
35066,0.0
26495,0.8
24430,1.0
15350,1.0
11731,1.0
14875,0.0
4900,0.0
2846,0.8
26198,0.0
9945,1.0
26983,0.7
12611,1.0
8384,0.0
27056,0.0
18692,1.0
1532,0.3
33849,1.0
34683,0.0
34717,0.5
21281,1.0
20976,1.0
2785,0.0
22249,1.0
1609,0.8
32196,0.3
12413,1.0
35357,1.0
25344,0.0
10096,1.0
32740,0.2
17903,0.0
32058,1.0
21525,0.8
22731,0.0
4604,1.0
14204,0.0
6219,0.0
8963,0.3
2144,0.0
19222,1.0
32626,0.0
5252,1.0
20735,0.0
3231,0.0
1468,1.0
19890,1.0
8936,0.0
12891,0.0
21139,0.0
27152,1.0
8493,0.3
29542,0.0
6697,1.0
6850,1.0
7251,1.0
6546,1.0
25677,0.0
12228,1.0
33732,0.0
13175,0.0
24767,0.0
10141,0.0
5659,0.0
24900,1.0
3195,1.0
23243,0.0
4408,1.0
13889,1.0
1902,0.0
6671,0.0
34445,1.0
23072,0.8
13806,1.0
18293,0.0
14245,0.0
12590,0.8
3013,0.0
32529,0.0
1726,0.9
26694,0.0
21851,0.0
16259,1.0
17211,0.0
26720,1.0
6681,1.0
24604,1.0
13652,0.0
33363,1.0
19428,1.0
12132,0.0
7933,0.0
8843,0.0
12965,1.0
19328,0.8
25221,1.0
20653,0.0
6990,0.0
33267,1.0
5647,1.0
16423,1.0
19282,0.0
3273,1.0
12973,1.0
19850,1.0
816,0.2
31914,1.0
21769,1.0
23296,0.0
22082,1.0
2161,0.8
18271,0.0
29162,1.0
4328,1.0
10503,1.0
29416,1.0
17226,1.0
2523,1.0
21323,0.9
34952,0.8
22551,0.0
14415,1.0
23751,1.0
20905,0.0
31036,1.0
12334,0.0
31182,0.8
26317,1.0
8796,1.0
25222,0.9
565,0.0
12219,1.0
5822,1.0
28406,1.0
12750,1.0
34496,1.0
7465,0.0
7429,0.0
6145,0.0
2506,0.0
7966,0.0
5896,1.0
9053,0.0
2773,0.0
16220,0.0
23138,0.0
2200,0.7
9793,1.0
2679,1.0
27769,0.3
21358,1.0
11712,0.0
17523,0.0
15888,0.8
9584,0.0
18040,0.0
14731,1.0
23450,0.0
28134,1.0
6568,0.8
26970,1.0
25889,1.0
26405,0.0
21249,1.0
4875,0.0
26254,0.0
33693,0.0
27748,1.0
6006,0.0
29832,0.9
22568,1.0
13756,0.95
17200,0.8
29857,0.0
13238,0.0
31552,0.0
20891,0.0
26428,1.0
15554,1.0
20755,0.6
2263,1.0
27067,0.0
21479,0.3
26071,0.8
14946,0.0
33697,0.0
16086,1.0
27744,0.0
16433,0.0
33893,1.0
35203,1.0
25512,1.0
31821,0.8
19671,0.0
22515,1.0
25085,0.0
33848,0.2
17015,1.0
27735,1.0
10325,1.0
2624,1.0
380,1.0
8859,1.0
8431,1.0
17457,0.8
8445,0.0
35288,0.0
10986,0.0
27855,0.0
9246,0.0
21691,1.0
9858,1.0
30476,1.0
31898,0.0
6726,1.0
21279,0.0
14557,1.0
1966,0.0
28843,1.0
11339,1.0
21910,1.0
15159,0.8
24341,0.5
13302,0.0
775,1.0
30373,1.0
2898,0.0
13896,0.0
17792,0.0
25609,1.0
29581,0.4
32502,1.0
29166,1.0
17480,0.6
12812,1.0
32584,1.0
29805,0.0
12955,0.0
14889,0.0
22400,0.0
25970,1.0
1677,0.0
22156,0.0
7281,1.0
10291,1.0
21155,0.8
35391,1.0
21355,0.0
33445,0.0
8807,0.0
31281,0.3
2629,1.0
13743,0.7
2302,1.0
19484,1.0
27072,1.0
24914,0.0
32630,0.0
8091,1.0
30582,0.0
28816,1.0
9287,0.0
15083,0.0
23984,1.0
271,0.0
1696,0.6
21913,0.0
17703,0.0
5893,0.0
26597,1.0
4821,0.9
27808,0.7
30065,0.0
28195,0.8
5103,0.9
28516,0.0
1893,0.8
15338,1.0
34748,0.0
19011,1.0
20520,1.0
35277,1.0
2380,1.0
31472,1.0
25910,0.0
11227,1.0
16638,1.0
13555,1.0
17969,0.8
25196,1.0
31337,0.0
28542,0.0
22978,0.0
15312,1.0
17023,0.0
24302,0.3
20662,0.9
20018,1.0
8923,1.0
32653,1.0
27311,0.0
20744,0.0
14515,0.0
12703,0.0
4858,0.0
1947,0.9
19983,1.0
12936,1.0
1719,0.8
4679,0.0
8488,1.0
26415,0.0
10688,0.0
27658,0.3
9094,1.0
8763,1.0
30615,1.0
6207,1.0
7795,1.0
33472,1.0
34469,0.0
14668,0.0
6623,1.0
21028,0.0
9641,1.0
34280,0.0
21721,0.0
8540,1.0
7369,0.8
11596,0.0
24201,0.8
13775,1.0
25866,0.8
15203,0.0
23970,0.8
3464,1.0
12892,0.0
20431,0.0
9616,1.0
27936,0.0
10378,1.0
3800,1.0
19503,1.0
448,1.0
23238,0.8
35141,1.0
3680,1.0
6789,0.0
30852,1.0
12785,0.2
6708,0.7
9329,0.3
24748,0.0
16344,0.8
20523,1.0
34168,1.0
22317,0.3
20429,0.8
3855,0.9
30794,0.0
14698,0.8
11391,0.0
32782,0.8
868,0.0
12856,1.0
13305,0.0
15420,0.0
26167,0.0
16390,1.0
2896,1.0
5845,0.3
30657,1.0
7708,0.3
16087,0.2
21449,0.8
12689,1.0
8848,0.3
5726,1.0
30849,1.0
10236,1.0
13112,1.0
24195,0.0
21032,0.8
3727,0.0
12767,0.0
25540,0.8
20221,1.0
13102,1.0
29947,0.3
22342,0.3
19178,0.8
12009,1.0
13127,1.0
16968,0.8
31601,1.0
991,0.8
2666,0.8
18619,0.0
27013,1.0
6543,0.0
20838,1.0
31089,0.0
21147,0.6
22585,1.0
20413,0.0
14374,0.0
32790,1.0
25794,1.0
30556,0.0
16403,0.0
31980,0.8
1801,0.0
23789,0.0
2696,1.0
29213,1.0
24913,1.0
33415,0.0
3031,1.0
18957,1.0
5843,0.0
13551,0.0
35520,1.0
26227,0.0
1783,1.0
15401,0.3
18822,0.0
891,0.9
94,0.0
19240,1.0
6768,0.0
3245,1.0
20178,0.0
25619,0.0
1702,0.0
6758,0.8
25709,0.0
6851,0.0
24029,1.0
4952,0.8
1827,1.0
6245,1.0
11903,1.0
24326,0.0
13964,1.0
21869,0.0
25969,1.0
32048,0.0
28900,0.0
5167,1.0
21445,1.0
14189,0.0
29521,0.0
28259,0.8
35548,1.0
9744,1.0
16992,1.0
20424,0.0
23637,0.0
26114,0.8
28639,1.0
3788,0.0
15257,0.8
9825,1.0
35483,0.0
19893,0.0
17236,1.0
30693,1.0
5287,1.0
11762,0.0
26192,0.0
15549,0.0
24812,0.0
12287,1.0
19931,0.0
12300,0.0
19151,1.0
7516,0.0
9541,0.8
791,0.0
13563,0.0
23615,0.8
25573,1.0
3406,0.8
22235,0.0
28238,0.8
11249,1.0
18487,1.0
12409,1.0
3594,1.0
33244,1.0
31473,0.0
2764,1.0
22351,0.0
11145,1.0
6610,1.0
11781,0.0
7035,0.0
1105,1.0
18644,0.0
1067,1.0
17255,1.0
27122,0.8
8815,0.0
4851,1.0
284,0.0
2474,1.0
3965,0.0
3866,1.0
32003,0.0
14680,0.0
1339,1.0
5007,0.0
20217,0.0
29125,0.0
28908,0.0
18202,1.0
26258,1.0
1705,0.0
3244,1.0
16799,0.3
19627,0.2
14564,1.0
11874,0.0
33427,0.0
26307,1.0
20107,1.0
9370,0.0
9255,1.0
35003,1.0
22467,0.5
32021,0.8
14363,0.0
2658,0.0
2310,0.0
30051,1.0
9517,1.0
15116,0.3
35207,0.95
35104,0.0
9479,0.0
30932,0.0
12218,1.0
11532,1.0
33977,0.8
5705,1.0
25351,0.0
31276,1.0
35057,0.0
4266,0.7
30532,1.0
2371,0.0
26060,0.0
23919,1.0
24059,1.0
33410,0.0
10262,0.0
1146,0.0
9092,0.7
3319,1.0
6947,0.0
12498,1.0
21669,0.0
12326,0.0
26075,0.0
31038,0.0
15618,1.0
10653,1.0
4175,0.0
23628,0.8
1949,1.0
9705,1.0
19446,0.0
2788,0.0
15749,1.0
34752,1.0
13015,1.0
33531,0.0
18416,0.8
27873,1.0
10525,1.0
27956,0.0
30237,1.0
7451,0.5
12235,1.0
3515,0.0
10151,0.8
541,0.3
29159,0.0
14893,0.0
25318,0.0
10496,0.0
21591,1.0
32197,0.6
27452,0.0
1185,0.0
21631,0.0
9900,1.0
12295,1.0
16288,0.3
34486,0.9
28511,1.0
25608,1.0
2476,1.0
21867,0.8
4732,0.0
28678,0.0
687,1.0
29931,1.0
21162,0.0
5291,0.0
29686,1.0
9571,0.0
20226,0.0
1782,0.0
22656,0.0
30457,0.0
14463,0.0
24879,0.0
14105,0.95
18207,0.0
28434,0.0
22592,0.0
31618,1.0
8154,0.2
31118,0.0
2489,1.0
22402,1.0
1897,0.0
20782,0.0
405,1.0
15892,0.0
1085,1.0
34788,0.0
14175,1.0
25298,1.0
9546,0.0
18676,1.0
11001,1.0
25268,1.0
9936,1.0
20553,0.0
11095,0.0
18629,1.0
16178,1.0
27280,0.0
7870,1.0
13276,1.0
26840,1.0
23118,0.9
25863,0.9
4252,1.0
6886,0.0
34215,1.0
27198,1.0
25760,1.0
33249,0.3
3746,0.2
33175,0.0
25814,0.6
14108,0.2
31829,0.0
29118,0.8
22419,1.0
15589,0.0
24903,1.0
31314,0.8
29812,0.0
31589,0.0
10238,0.0
7769,1.0
18920,0.8
6492,0.7
24650,0.8
35442,0.8
30341,1.0
8049,0.0
19829,0.0
17729,0.0
10294,0.0
13589,0.1
18400,0.3
31857,1.0
23451,0.0
9190,0.0
9982,1.0
22693,0.8
20636,1.0
30793,0.0
19838,0.0
10696,0.9
7518,0.0
6772,0.0
7266,0.0
27724,0.0
21126,1.0
7788,0.0
7755,0.0
5623,1.0
32394,1.0
10740,0.0
22719,1.0
9691,0.9
5606,0.0
14402,0.0
12653,1.0
9381,0.0
8376,0.0
3583,0.0
23993,1.0
28924,0.0
9269,0.9
9484,1.0
25180,0.0
20615,0.6
12967,1.0
2358,0.3
1121,1.0
12297,0.8
32887,0.8
22598,0.3
20248,0.3
2864,0.0
16825,0.0
27777,0.8
7607,0.9
26384,0.0
11245,0.0
30174,0.0
14476,0.3
17358,1.0
1948,1.0
33695,1.0
33350,0.9
30969,1.0
7984,0.0
20865,0.0
7512,0.0
31385,0.0
25103,0.0
1294,0.0
2805,0.0
9304,1.0
15417,0.0
24924,0.0
13668,0.0
17707,1.0
14880,1.0
17805,0.0
21386,0.0
28237,0.0
20745,1.0
3196,0.0
22711,0.0
32389,0.3
12098,0.0
12015,1.0
11368,1.0
12327,0.0
18122,1.0
11837,1.0
24442,0.8
11406,1.0
25790,0.0
30574,0.0
8586,1.0
1290,0.3
25598,0.3
2327,1.0
32022,0.8
1796,1.0
25720,0.0
10944,0.8
23519,1.0
35232,1.0
595,0.0
16881,0.8
35295,1.0
8676,1.0
15101,0.0
20603,0.0
16917,0.8
22403,0.0
23050,1.0
26485,1.0
22382,1.0
30423,0.0
2151,0.9
9266,0.0
32155,1.0
15055,0.2
24132,0.0
20710,1.0
19115,1.0
2622,0.7
4345,0.0
3479,1.0
10129,1.0
30443,0.0
33710,0.0
24991,1.0
6311,0.0
17730,1.0
22041,0.8
21538,0.0
27864,0.0
30990,0.0
32859,0.0
26762,0.8
14909,0.0
8789,0.0
17564,1.0
18804,1.0
26976,1.0
33664,1.0
9118,1.0
16624,1.0
6829,1.0
19192,0.0
32460,0.0
8460,1.0
27372,1.0
15185,1.0
1143,0.9
4316,0.0
26323,1.0
27649,0.0
35435,0.0
11951,0.0
2895,0.3
28270,0.8
31595,0.0
30748,1.0
12356,0.8
29450,0.0
9472,1.0
19898,0.0
256,0.0
35308,1.0
21895,0.0
16812,1.0
19903,0.9
1545,1.0
33332,0.0
31823,0.0
8224,0.0
12534,0.0
2140,0.0
2050,0.0
35524,1.0
29975,0.0
32816,0.0
9443,1.0
9234,0.0
7793,1.0
28010,0.0
20268,0.0
33757,0.0
1081,0.0
3999,0.0
867,1.0
7075,0.0
12551,0.9
23560,1.0
19770,0.0
34138,0.0
27149,0.0
16513,0.8
7688,1.0
20216,0.0
34247,0.0
12722,1.0
22713,0.8
13762,0.0
28995,1.0
30183,0.0
35486,0.0
6408,1.0
22998,0.0
22942,1.0
18666,1.0
20719,1.0
5139,0.0
19270,0.0
34920,0.0
34972,0.8
34581,0.0
35465,0.5
5377,0.0
14966,0.2
25559,0.8
34025,0.0
4159,1.0
12507,1.0
17649,1.0
14351,0.0
7091,1.0
21076,0.0
2223,0.0
1766,0.0
25557,1.0
31028,0.5
15535,1.0
25407,1.0
27265,0.8
32100,0.0
18467,0.4
26760,0.0
20696,0.0
9146,0.0
3620,1.0
4094,0.0
6053,0.9
4915,0.8
28084,1.0
25354,1.0
27258,1.0
8155,0.0
14313,0.0
9137,1.0
1878,0.0
8123,1.0
10789,0.0
14885,1.0
20184,0.0
18092,0.8
25976,0.0
31504,0.0
23169,1.0
4593,0.0
15048,1.0
1537,0.0
14240,1.0
14135,1.0
28172,0.0
5671,0.0
30217,0.0
4039,0.0
6381,1.0
23611,0.0
7279,1.0
8853,0.0
35250,0.8
5374,0.0
11609,0.0
1362,0.8
26959,0.8
33481,0.8
26279,1.0
1567,1.0
35173,1.0
21883,0.0
34519,1.0
23285,0.0
15551,0.0
22660,1.0
24794,0.0
7132,0.6
3004,1.0
2182,0.0
10060,1.0
22068,0.0
24912,0.3
11215,0.0
24591,0.0
24928,0.0
28981,1.0
27741,0.0
3225,0.0
15474,0.0
20607,1.0
26467,1.0
7003,1.0
16938,1.0
11337,0.0
34070,1.0
29516,0.0
9922,0.0
2217,1.0
13636,0.0
16056,0.6
2239,0.0
14496,1.0
17108,0.0
14478,0.0
28577,1.0
15375,0.0
17540,0.6
19420,1.0
11783,0.8
34478,0.6
26747,1.0
28528,1.0
13158,0.5
9265,1.0
3128,0.7
24672,1.0
21100,1.0
14027,0.0
25546,0.0
27699,1.0
24238,1.0
3364,0.8
903,0.8
4042,1.0
32132,0.8
24618,1.0
11515,0.0
33271,0.0
32080,0.0
15010,0.0
6649,1.0
11623,0.0
22502,0.0
25884,0.3
18243,0.0
30761,1.0
6391,1.0
33914,0.0
13010,1.0
32119,0.8
11300,0.0
19864,0.3
16573,0.0
22010,0.0
25882,0.0
32273,0.0
22966,0.0
25600,0.0
32662,0.0
16427,0.0
1318,1.0
31714,0.0
15367,1.0
4980,0.0
25531,0.0
32590,1.0
22594,0.0
19788,0.8
8009,0.8
29361,0.3
1010,1.0
30169,0.8
3131,0.0
18042,1.0
20470,0.8
11744,0.2
25244,0.0
31449,0.0
18548,1.0
28294,1.0
3220,1.0
30596,0.0
1373,1.0
24399,0.0
27592,1.0
15333,0.0
1245,0.0
16444,0.0
14928,1.0
19967,0.0
26724,0.0
1917,1.0
11776,1.0
32906,0.3
26475,1.0
33909,0.7
10870,1.0
29753,1.0
10897,0.0
17466,0.0
32759,0.8
26967,1.0
19488,0.8
30120,1.0
30460,0.0
10364,1.0
1662,0.0
1457,0.0
30050,0.0
26808,1.0
34928,0.8
32150,1.0
5626,1.0
21708,1.0
179,0.8
12733,0.0
17053,1.0
27892,1.0
28384,1.0
22701,1.0
13957,0.0
26657,1.0
13733,1.0
8282,0.0
26501,1.0
21057,0.0
25219,0.8
953,0.0
23886,1.0
10580,0.0
16985,0.2
20472,0.0
20286,0.8
13369,1.0
13080,0.0
10329,0.0
30660,1.0
27898,0.2
1335,0.0
31192,0.0
20840,0.0
22948,0.0
4006,0.0
13921,0.0
19624,0.0
11241,0.0
35220,0.0
24480,0.3
19408,0.0
1177,1.0
32158,0.8
1266,0.0
34259,1.0
30437,0.0
24382,1.0
12276,1.0
13531,0.0
22768,0.0
13748,1.0
34719,0.0
26634,1.0
8580,1.0
32135,0.0
27050,0.9
28761,1.0
23471,1.0
24929,1.0
23309,0.8
33908,0.8
959,0.0
26157,1.0
17752,0.0
33080,0.0
26732,1.0
35253,0.0
21995,0.8
31424,1.0
6418,0.0
21550,0.0
10784,1.0
33665,0.0
25595,1.0
28864,1.0
32938,0.8
23102,0.2
24712,1.0
34616,0.0
29422,0.9
29616,1.0
11124,0.8
6032,0.8
8427,0.0
22973,1.0
17643,1.0
4485,0.0
24012,0.0
691,0.0
34453,1.0
22098,0.0
32443,1.0
22318,1.0
35126,0.0
22812,0.0
29643,0.3
2206,1.0
10035,0.8
17734,0.0
33809,1.0
4337,0.0
17627,0.5
29930,1.0
13654,0.0
35228,0.0
12720,1.0
4355,0.0
32823,1.0
19852,1.0
17154,1.0
2987,0.0
9369,0.8
5120,0.0
13542,1.0
153,1.0
5679,0.0
15787,1.0
19208,0.0
12148,0.0
8869,0.0
17217,0.0
19472,1.0
1287,0.8
16077,1.0
13136,0.0
15274,0.0
14173,0.0
614,0.0
12041,0.0
4263,1.0
13611,0.8
28157,1.0
18280,0.0
25371,0.0
21710,0.7
13462,1.0
3574,0.0
20205,1.0
13550,0.6
4086,0.0
30918,0.0
14973,1.0
28812,1.0
34874,1.0
28367,1.0
30444,1.0
33760,0.0
28927,0.0
3516,0.0
27321,0.0
3005,0.0
28472,0.0
20870,0.0
11895,0.0
29730,0.0
33392,1.0
9398,0.0
27018,0.0
22369,0.3
33005,0.0
3923,1.0
29734,0.0
12873,0.8
14138,0.0
500,0.0
19696,1.0
26710,0.0
3775,1.0
22703,1.0
31371,1.0
16530,0.5
21541,0.0
33874,0.0
15197,0.0
31942,1.0
1523,0.0
30689,0.0
6233,1.0
20825,1.0
15928,1.0
10971,0.0
15738,1.0
18179,0.0
731,0.0
15285,0.0
27476,0.0
35183,0.0
21173,1.0
10787,1.0
12675,0.0
23440,0.0
13331,0.0
4489,0.0
16833,0.5
7719,0.6
1753,0.8
29304,1.0
22677,0.4
15352,0.6
334,1.0
22722,0.0
26558,0.0
23279,0.8
10420,0.0
28212,1.0
499,1.0
14503,0.0
27704,0.0
8185,0.0
4084,1.0
9217,0.0
4586,0.0
35470,0.0
27531,1.0
15780,0.8
31753,1.0
3779,1.0
30041,1.0
32005,1.0
11981,0.0
19869,0.8
13833,0.0
